,Signature.W1,Signature.W2,Signature.W3,Signature.W4
A[C>A]A,4.20E-03,5.84E-02,2.96E-03,3.53E-03
A[C>A]C,7.73E-176,4.53E-02,4.28E-03,0.00E+00
A[C>A]G,0.00E+00,1.52E-02,1.14E-03,0.00E+00
A[C>A]T,4.55E-150,4.97E-02,2.93E-03,1.82E-03
C[C>A]A,3.09E-61,4.34E-02,4.99E-03,1.68E-03
C[C>A]C,1.49E-03,2.61E-02,2.35E-03,6.45E-03
C[C>A]G,8.83E-04,6.02E-03,3.57E-03,8.29E-04
C[C>A]T,4.76E-120,3.87E-02,3.15E-03,5.06E-03
G[C>A]A,4.55E-18,3.77E-02,2.67E-03,2.07E-03
G[C>A]C,1.48E-118,2.11E-02,2.52E-03,3.79E-03
G[C>A]G,2.06E-174,1.17E-02,5.32E-04,8.17E-05
G[C>A]T,1.23E-03,3.09E-02,1.27E-03,4.18E-03
T[C>A]A,4.58E-135,3.30E-02,4.87E-03,3.25E-03
T[C>A]C,3.39E-32,2.51E-02,4.63E-03,1.48E-03
T[C>A]G,0.00E+00,3.24E-03,2.58E-03,6.51E-04
T[C>A]T,2.72E-68,3.93E-02,3.93E-03,3.19E-03
A[C>G]A,1.76E-82,2.71E-02,5.18E-03,1.88E-03
A[C>G]C,6.67E-04,1.29E-02,3.29E-03,2.92E-03
A[C>G]G,6.70E-66,4.94E-194,2.83E-03,8.77E-04
A[C>G]T,8.68E-19,2.37E-02,6.10E-03,5.10E-03
C[C>G]A,3.17E-117,8.42E-03,3.65E-03,1.62E-03
C[C>G]C,2.38E-03,5.95E-03,5.70E-03,8.48E-03
C[C>G]G,7.38E-04,4.91E-07,4.20E-03,8.72E-04
C[C>G]T,9.44E-226,1.14E-02,8.20E-03,5.10E-03
G[C>G]A,1.73E-218,1.39E-02,2.15E-03,4.26E-03
G[C>G]C,1.07E-31,4.02E-03,1.22E-03,1.81E-02
G[C>G]G,3.92E-04,4.16E-03,2.12E-03,1.69E-03
G[C>G]T,6.62E-03,9.38E-03,1.62E-03,7.88E-03
T[C>G]A,7.23E-04,3.61E-03,6.04E-03,1.57E-03
T[C>G]C,1.18E-03,9.56E-04,7.84E-03,4.97E-03
T[C>G]G,1.28E-03,3.79E-38,3.76E-03,0.00E+00
T[C>G]T,5.81E-03,6.84E-03,1.19E-02,1.55E-03
A[C>T]A,7.76E-02,1.94E-02,5.86E-02,1.46E-02
A[C>T]C,4.49E-02,1.91E-02,2.10E-02,1.93E-02
A[C>T]G,1.80E-02,4.51E-02,1.95E-02,3.72E-03
A[C>T]T,6.36E-02,1.01E-02,2.51E-02,6.29E-03
C[C>T]A,6.28E-02,1.57E-02,3.76E-02,2.66E-02
C[C>T]C,6.17E-02,3.48E-03,2.08E-02,2.00E-02
C[C>T]G,2.75E-02,2.53E-02,2.45E-02,5.26E-03
C[C>T]T,8.14E-02,6.18E-03,3.28E-02,8.36E-03
G[C>T]A,4.25E-02,4.61E-03,1.58E-02,1.35E-01
G[C>T]C,5.13E-02,2.95E-78,6.36E-30,1.37E-01
G[C>T]G,1.55E-02,1.72E-02,1.10E-02,2.20E-02
G[C>T]T,5.75E-02,5.05E-03,7.23E-03,9.17E-02
T[C>T]A,7.27E-02,3.35E-32,3.29E-02,8.87E-03
T[C>T]C,7.39E-02,6.30E-03,2.55E-02,1.43E-02
T[C>T]G,1.73E-02,8.40E-03,1.52E-02,2.41E-03
T[C>T]T,9.96E-02,2.63E-58,3.44E-02,2.69E-03
A[T>A]A,5.81E-03,3.40E-03,9.62E-03,4.16E-03
A[T>A]C,2.93E-03,8.78E-03,4.27E-03,7.77E-03
A[T>A]G,6.77E-03,7.03E-03,1.09E-02,8.86E-03
A[T>A]T,1.01E-02,1.81E-02,7.85E-03,9.11E-03
C[T>A]A,2.05E-03,3.44E-03,7.73E-03,3.41E-03
C[T>A]C,4.48E-03,9.90E-88,8.09E-03,7.77E-03
C[T>A]G,6.65E-03,9.67E-03,1.70E-02,9.20E-03
C[T>A]T,6.01E-03,1.48E-02,9.18E-03,1.07E-02
G[T>A]A,9.06E-04,9.84E-03,3.61E-03,3.69E-03
G[T>A]C,1.60E-03,2.36E-71,2.22E-03,8.75E-03
G[T>A]G,1.72E-03,3.30E-03,6.28E-03,1.14E-02
G[T>A]T,1.63E-03,5.00E-03,5.17E-03,1.06E-02
T[T>A]A,3.30E-03,1.38E-02,7.61E-03,7.65E-04
T[T>A]C,2.76E-03,1.67E-04,5.29E-03,3.70E-03
T[T>A]G,7.68E-03,1.47E-03,1.03E-02,4.10E-03
T[T>A]T,4.63E-03,1.00E-02,1.53E-02,3.79E-03
A[T>C]A,5.43E-03,4.77E-12,4.70E-02,1.24E-02
A[T>C]C,2.75E-03,1.82E-03,1.19E-02,1.42E-02
A[T>C]G,2.16E-03,9.85E-28,3.74E-02,1.90E-02
A[T>C]T,9.93E-03,6.39E-105,5.12E-02,3.60E-03
C[T>C]A,7.80E-106,5.90E-03,1.03E-02,1.27E-02
C[T>C]C,2.28E-96,1.59E-02,2.12E-03,4.07E-02
C[T>C]G,1.48E-154,1.47E-02,1.27E-02,2.68E-02
C[T>C]T,2.29E-03,1.23E-02,1.01E-02,1.10E-02
G[T>C]A,6.32E-51,6.02E-04,1.34E-02,1.33E-02
G[T>C]C,1.41E-258,2.66E-124,2.83E-03,2.27E-02
G[T>C]G,6.81E-226,2.88E-122,2.49E-02,1.26E-02
G[T>C]T,3.97E-03,4.62E-211,1.09E-02,1.11E-02
T[T>C]A,1.59E-03,1.48E-51,1.34E-02,1.26E-02
T[T>C]C,7.22E-04,1.70E-03,5.79E-03,2.21E-02
T[T>C]G,1.82E-03,1.33E-02,9.68E-03,1.62E-02
T[T>C]T,1.91E-06,6.41E-13,2.20E-02,6.00E-03
A[T>G]A,1.63E-03,2.82E-255,4.74E-03,0.00E+00
A[T>G]C,2.60E-31,1.96E-208,3.03E-03,4.28E-04
A[T>G]G,1.09E-119,1.26E-03,6.22E-03,8.30E-05
A[T>G]T,4.12E-252,8.92E-16,6.02E-03,6.03E-142
C[T>G]A,5.28E-155,7.16E-08,2.68E-03,6.42E-04
C[T>G]C,3.62E-107,3.32E-03,3.46E-03,1.00E-03
C[T>G]G,2.36E-117,1.43E-154,7.44E-03,1.58E-03
C[T>G]T,9.33438224687867e-320,1.08E-153,6.17E-03,8.39E-04
G[T>G]A,3.16E-04,1.11E-251,2.10E-03,1.26E-03
G[T>G]C,0.00E+00,1.94E-03,1.78E-03,4.28E-04
G[T>G]G,4.13E-86,4.44E-03,5.20E-03,1.64E-03
G[T>G]T,6.54E-05,7.32E-03,2.59E-03,6.76E-04
T[T>G]A,9.40E-294,6.05E-04,5.30E-03,9.70E-04
T[T>G]C,7.05E-195,1.28E-03,3.83E-03,6.89E-04
T[T>G]G,4.27E-04,1.75E-03,6.68E-03,2.04E-04
T[T>G]T,2.40E-03,4.35E-08,1.05E-02,1.28E-03
