,MS sig 1,MS sig 2,MS sig 3
A[C>A]A,64.7608277627109,51.6395530495239,112.445138897856
A[C>A]C,49.1689206149396,29.7053667412488,55.3056247809727
A[C>A]G,16.9599206328956,12.9780519396839,8.61692692686149
A[C>A]T,38.735322587733,21.4350261263513,73.925108210529
C[C>A]A,10.8964862730993,83.0937415069589,83.9821580447356
C[C>A]C,18.7329945665579,26.9905997489595,43.1803875021472
C[C>A]G,16.680727830659,17.7759990110013,8.45316965811983
C[C>A]T,22.3926985243038,34.9553818824734,68.6614709281431
G[C>A]A,18.4064036475464,39.0992749002152,47.4710877010121
G[C>A]C,17.5072770192341,22.4833130562146,29.5166948059986
G[C>A]G,3.40158944306867,2.98730881167848,11.6849438383723
G[C>A]T,21.7211511233863,20.3754169037635,40.438403931279
T[C>A]A,29.1222851258621,20.6965566325225,41.6589617825555
T[C>A]C,27.271990107712,18.1626837123654,35.3281490128442
T[C>A]G,7.5825247155765,10.5258833269741,11.915709746745
T[C>A]T,28.033404884565,22.7122516123783,50.0828119437502
A[C>G]A,39.6138754183147,36.6966486571289,36.0551082402955
A[C>G]C,15.2693962119522,20.7411271327961,12.9098005345956
A[C>G]G,20.2149057576589,6.20127870817243,5.14245155530738
A[C>G]T,34.3972975087226,47.2515059280572,18.2358593567074
C[C>G]A,33.042793623444,5.73297839432487,17.9152535541704
C[C>G]C,40.5909060558072,31.9497239200033,8.85669693469641
C[C>G]G,34.3233042896935,13.6001386562718,2.22044604925031e-16
C[C>G]T,67.0282763941011,24.0738416410411,23.5647337461679
G[C>G]A,23.6929523869327,12.764642827146,13.7414933615497
G[C>G]C,40.0084028330507,13.8445853140971,9.35668277520997
G[C>G]G,11.0197709020189,8.86736972884382,1.6487462189714e-10
G[C>G]T,21.9538786785237,14.7006195113816,19.3350282015037
T[C>G]A,54.7027472345713,11.0816304389494,14.1768989013766
T[C>G]C,46.517286889059,21.513475167397,32.8098882825996
T[C>G]G,38.7124750650472,4.28458309508425,1.37193625515249
T[C>G]T,123.145292409679,44.1009044766788,37.3664652972875
A[C>T]A,213.871232137153,416.034782135293,126.433910481142
A[C>T]C,48.9735781256946,115.01865362433,97.3333351004129
A[C>T]G,1.43265168252798,533.107654829773,159.036162797437
A[C>T]T,39.7084681839238,129.122404893882,139.236349750639
C[C>T]A,82.6462732370093,182.456566576072,205.070462823506
C[C>T]C,6.15010511089148,47.517970214143,224.719527469523
C[C>T]G,121.997048022161,234.481548948526,86.1935896718872
C[C>T]T,2.50037191096076,82.4888736663028,356.28967462021
G[C>T]A,90.1476245141139,126.316793951959,132.272550067258
G[C>T]C,7.55938373599785,34.7672435328444,178.491447267442
G[C>T]G,28.0984857568191,250.377742989084,94.7907929095109
G[C>T]T,8.6400310118022,30.6718864224635,244.707977200334
T[C>T]A,100.581379829991,101.433612765682,138.938580543947
T[C>T]C,48.168195188682,59.2687983690624,165.702106083796
T[C>T]G,22.4652445444142,211.117282581517,58.436810590362
T[C>T]T,58.0102701193213,53.3926735044955,197.43842519631
A[T>A]A,63.6924328667268,4.5648521168045,41.0406998912743
A[T>A]C,25.7979654149209,2.22044604925031e-16,24.4475646482002
A[T>A]G,116.222441351859,2.46900939449724,32.8236358496367
A[T>A]T,48.706761201391,1.65367174353457,37.9484481293301
C[T>A]A,24.0497168297362,11.9641480948821,29.7549277129003
C[T>A]C,27.3683985791574,13.897172993019,33.1925235883639
C[T>A]G,54.6769383467552,35.2754968272165,54.4593225493943
C[T>A]T,33.8481067450955,8.33305529799308,56.4662003860275
G[T>A]A,19.8802445754582,8.84797055898384,15.152954366006
G[T>A]C,9.49776323187498,5.57973977138592,18.776588259933
G[T>A]G,59.369360311109,14.5085607907034,6.52421405370146
G[T>A]T,24.094348703454,2.86509049484167,29.9277745761429
T[T>A]A,51.3767547341634,6.80882454271173,27.0182699419918
T[T>A]C,32.4406291612298,0.775078414800941,22.7231851729134
T[T>A]G,46.2258041865934,14.7300421249328,23.9742767445435
T[T>A]T,46.0330180849316,18.283128252948,61.9360508609209
A[T>C]A,448.142714132482,91.2883628645957,84.0314591719862
A[T>C]C,129.470084267384,29.4643363814594,39.687027727569
A[T>C]G,398.381591651551,120.806816682351,87.5106740713288
A[T>C]T,505.222703591397,49.8681601155958,99.4340957217918
C[T>C]A,93.3127857798123,31.1603518747073,28.1323364741916
C[T>C]C,44.5626449386864,38.0129353464836,29.304949804988
C[T>C]G,103.325925803976,42.2195640450007,38.8361182069495
C[T>C]T,112.009753309243,17.8549014105032,36.8677313610494
G[T>C]A,112.386374572622,21.1725032100977,38.8023686535145
G[T>C]C,25.2652422332015,24.2868770743797,25.9841339571515
G[T>C]G,225.750793498533,16.4228032179882,31.9027690358189
G[T>C]T,118.481529465017,19.7164001891992,64.1491274569138
T[T>C]A,135.915810435103,19.151084459862,64.5945067167652
T[T>C]C,48.7826920508343,35.1872463899169,45.4858837672991
T[T>C]G,87.8620819496092,45.0655221044497,35.4370412454399
T[T>C]T,184.451147866217,47.7246053176826,63.454725286775
A[T>G]A,37.1336458386356,17.1327617019947,3.88708541058874
A[T>G]C,27.1119087491537,6.64766981272171,6.85072742478011
A[T>G]G,54.9010988903225,11.6170434062889,13.4035697550747
A[T>G]T,39.2647075229618,30.2059761237912,13.0550813237853
C[T>G]A,22.0642036504124,14.941641533356,6.1562454943947
C[T>G]C,36.7407188606403,21.3915356825782,8.38144078919836
C[T>G]G,65.8826709913014,16.6556387810034,17.8204844328967
C[T>G]T,54.2258592268188,27.5482253997557,21.9995689253925
G[T>G]A,21.0759213786942,6.51618328347916,3.21447481420814
G[T>G]C,13.8804835505884,5.54721034793228,3.52655261753775
G[T>G]G,36.7157704818558,17.6659293348945,11.5474699656803
G[T>G]T,22.2446086314682,18.809728956238,4.65163234117034
T[T>G]A,37.2842835031836,13.0329333894109,17.4560909688297
T[T>G]C,39.9716459358495,12.6872944240288,7.13746935026006
T[T>G]G,50.0484744790151,17.7513059335761,10.3514637562457
T[T>G]T,93.5613540060906,41.7387851889816,28.4087282931298
